id	name	side	count	grouping	image	summary	tip	source_url
001	แนวโน้มขาขึ้น	Neutral	1	เทคนิค	images/techniques/แนวโน้มขาขึ้น.png	ดูแท่งเทียน อินดิเคเตอร์ สังเกต แล้วค่อยเลือกจุดเข้า	จังหวะตัวถัดไปกดทันทีด้วย	https://drive.google.com/file/d/1AaW1oY1gby65w6BMQVSMFGCmgPKhfRXS/view?usp=sharing/
002	แนวโน้มขาลง	Neutral	1	เทคนิค	images/techniques/แนวโน้มขาลง.png	ดูแท่งเทียน อินดิเคเตอร์ สังเกต แล้วค่อยเลือกจุดเข้า	จังหวะตัวถัดไปกดทันทีด้วย	https://drive.google.com/file/d/1p6gdTm42BNIGYsJazdRJOnNurF6x8lp8/view?usp=sharing/
1	Bullish Engulfing	Bullish	2	ขาขึ้น 2 แท่ง	images/patterns/bullish-engulfing.png	แท่งเขียวกลืนแท่งแดงก่อนหน้า สัญญาณกลับตัวขึ้น	ให้เกิดหลังขาลง ถ้าวอลุ่มมากยิ่งดี	https://www.xs.com/en/blog/bullish-engulfing-candlestick/
2	Bearish Engulfing	Bearish	2	ขาลง 2 แท่ง	images/patterns/bearish-engulfing.png	แท่งแดงกลืนแท่งเขียวก่อนหน้า สัญญาณกลับตัวลง	ให้เกิดหลังขึ้นแรงจะน่าเชื่อถือ	https://www.xs.com/en/blog/bearish-engulfing-candlestick-pattern/
3	Hammer	Bullish	1	กลับตัว 1 แท่ง	images/patterns/hammer.png	แท่งเดียวหางล่างยาว ตัวเทียนเล็ก บอกแรงซื้อกลับ	รอดูแท่งถัดไปปิดเขียวค่อยยืนยัน	https://www.investopedia.com/terms/h/hammer.asp
4	Hanging Man	Bearish	1	กลับตัว 1 แท่ง	images/patterns/hanging-man.png	หน้าตาเหมือน Hammer แต่เกิดบนยอด สัญญาณลง	ใช้คู่กับแนวต้าน/โซน supply	https://www.investopedia.com/terms/h/hangingman.asp
5	Inverted Hammer	Bullish	1	กลับตัว 1 แท่ง	images/patterns/inverted-hammer.png	แท่งเดียวหางบนยาว เกิดท้ายขาลง บอกเริ่มมีแรงซื้อ	ต้องยืนยันด้วยแท่งเขียวถัดไป	https://www.investopedia.com/terms/i/invertedhammer.asp
6	Shooting Star	Bearish	1	กลับตัว 1 แท่ง	images/patterns/shooting-star.png	หางบนยาว ตัวเล็ก เกิดตอนปลายขาขึ้น แรงขายชนะ	ถ้าปริมาณมากหรือใกล้แนวต้านจะดี	https://www.investopedia.com/terms/s/shootingstar.asp
7	Piercing Pattern	Bullish	2	กลับตัว 2 แท่ง	images/patterns/piercing-pattern.png	แท่งเขียวแทงทะลุครึ่งแท่งแดงก่อนหน้า	ให้แท่งเขียวปิดเกิน 50% ของแท่งแดง	https://www.investopedia.com/terms/p/piercingpattern.asp
8	Dark Cloud Cover	Bearish	2	กลับตัว 2 แท่ง	images/patterns/dark-cloud-cover.png	แท่งแดงปิดทับเกินครึ่งแท่งเขียวก่อนหน้า สัญญาณลง	ถ้าปิดใกล้จุดเปิดแท่งเขียวยิ่งแรง	https://www.investopedia.com/terms/d/dark-cloud-cover.asp
9	Morning Star	Bullish	3	กลับตัว 3 แท่ง	images/patterns/morning-star.png	ชุด 3 แท่ง กลางเล็ก/โดจิ ปลายเป็นเขียวใหญ่ สะท้อนการกลับตัวขึ้น	ดูให้แท่งที่ 3 ปิดเหนือกลางของแท่งแรก	https://www.investopedia.com/terms/m/morningstar.asp
10	Evening Star	Bearish	3	กลับตัว 3 แท่ง	images/patterns/evening-star.png	ตรงข้าม Morning Star ใช้ดูสัญญาณกลับตัวลง	ถ้าช่องว่าง (gap) จะน่าเชื่อถือขึ้น	https://www.investopedia.com/terms/e/eveningstar.asp
11	Three White Soldiers	Bullish	3	ต่อเนื่อง 3 แท่ง	images/patterns/three-white-soldiers.png	แท่งเขียว 3 แท่งเรียงกัน เปิดใกล้ปิดแท่งก่อนหน้า แรงซื้อชัด	ใช้เป็นสัญญาณเริ่มเทรนด์ขึ้น	https://www.investopedia.com/terms/t/three_white_soldiers.asp
12	Three Black Crows	Bearish	3	ต่อเนื่อง 3 แท่ง	images/patterns/three-black-crows.png	แท่งแดง 3 แท่งเรียงกัน แรงขายชัดเจน	อย่าจับมีดหล่น ให้รอรีเทสก่อน	https://www.investopedia.com/terms/t/three_black_crows.asp
13	Bullish Harami	Bullish	2	กลับตัว 2 แท่ง	images/patterns/bullish-harami.png	แท่งเขียวเล็กอยู่ในแท่งแดงก่อนหน้า แรงขายเริ่มหมด	ยืนยันด้วยแท่งเขียวถัดไปหรือวอลุ่มเพิ่ม	https://www.investopedia.com/terms/h/harami.asp
14	Bearish Harami	Bearish	2	กลับตัว 2 แท่ง	images/patterns/bearish-harami.png	แท่งแดงเล็กอยู่ในแท่งเขียวก่อนหน้า แรงซื้อเริ่มอ่อน	ดูให้เกิดใกล้แนวต้าน	https://www.investopedia.com/terms/h/harami.asp
15	Bullish Harami Cross	Bullish	2	กลับตัว 2 แท่ง	images/patterns/bullish-harami-cross.png	ลักษณะเดียวกับ Bullish Harami แต่แท่งในเป็นโดจิ	มักจะกลับตัวได้ดีหลังลงแรง	https://www.investopedia.com/
16	Bearish Harami Cross	Bearish	2	กลับตัว 2 แท่ง	images/patterns/bearish-harami-cross.png	ลักษณะเดียวกับ Bearish Harami แต่แท่งในเป็นโดจิ	ใช้ยืนยันด้วยอินดิเคเตอร์โมเมนตัม	https://www.investopedia.com/
17	Dragonfly Doji	Neutral	1	โดจิ	images/patterns/dragonfly-doji.png	ราคาเปิด-ปิดเท่ากัน มีหางล่างยาว แรงซื้อดันกลับ	ถ้าเกิดหลังขาลงมักตีความเป็น bullish	https://www.investopedia.com/terms/d/dragonflydoji.asp
18	Gravestone Doji	Neutral	1	โดจิ	images/patterns/gravestone-doji.png	ราคาเปิด-ปิดเท่ากัน มีหางบนยาว แรงขายดันกลับ	ถ้าเกิดบนยอดมักตีความเป็น bearish	https://www.investopedia.com/terms/g/gravestonedoji.asp
19	Long-Legged Doji	Neutral	1	โดจิ	images/patterns/long-legged-doji.png	ไส้ยาวทั้งบนและล่าง ความไม่แน่นอนสูง	รอดูแท่งถัดไปยืนยันทาง	https://www.investopedia.com/terms/l/longleggeddoji.asp
20	Doji	Neutral	1	โดจิ	images/patterns/doji.png	เปิดเท่าปิด ไม่รู้จะไปทางไหน	อย่าดูเดี่ยวๆ ให้ดูบริบทแนวรับแนวต้าน	https://www.investopedia.com/terms/d/doji.asp
21	Spinning Top	Neutral	1	อื่นๆ	images/patterns/spinning-top.png	ตัวเทียนเล็ก ไส้บนล่างยาว กำลังลังเล	ดูกับวอลุ่มและโซนราคา	https://www.investopedia.com/terms/s/spinning-top.asp
22	White Marubozu	Bullish	1	มารูโบซึ	images/patterns/white-marubozu.png	แท่งเขียวทึบไม่มีไส้ แรงซื้อเต็มแท่ง	มักต่อเนื่องถ้าไม่มีแนวต้านใกล้ๆ	https://www.investopedia.com/terms/m/marubozu.asp
23	Black Marubozu	Bearish	1	มารูโบซึ	images/patterns/black-marubozu.png	แท่งแดงทึบไม่มีไส้ แรงขายเต็มแท่ง	ใช้เป็นสัญญาณเริ่มลงได้	https://www.investopedia.com/terms/m/marubozu.asp
24	Rising Three Methods	Bullish	5	ต่อเนื่อง 5 แท่ง	images/patterns/rising-three-methods.png	แท่งขึ้นใหญ่ ตามด้วยแท่งย่อเล็กๆ แล้วปิดด้วยแท่งขึ้นอีก	สัญญาณพักตัวในเทรนด์ขึ้น	https://www.investopedia.com/terms/r/rising-three-methods.asp
25	Falling Three Methods	Bearish	5	ต่อเนื่อง 5 แท่ง	images/patterns/falling-three-methods.png	ตรงข้ามกับ rising three methods ในเทรนด์ลง	ให้เทรดตามเทรนด์เดิม	https://www.investopedia.com/terms/f/falling-three-methods.asp
26	Upside Tasuki Gap	Bullish	3	ช่องว่าง	images/patterns/upside-tasuki-gap.png	เกิด gap ขึ้นและยังคงแนวโน้มขึ้น	ให้ดูว่า gap ไม่โดนปิด	https://www.investopedia.com/
27	Downside Tasuki Gap	Bearish	3	ช่องว่าง	images/patterns/downside-tasuki-gap.png	gap ลงและยังคงแนวโน้มลง	ห้ามให้แท่งหลังมาปิด gap	https://www.investopedia.com/
28	Kicking	Bullish	2	ช่องว่าง	images/patterns/kicking.png	เกิด gap ตรงข้ามสีอย่างชัดเจน บ่งบอกแรงมาก	ใช้ดูการกลับตัวรุนแรง	https://www.investopedia.com/
29	Kicking Bearish	Bearish	2	ช่องว่าง	images/patterns/kicking-bearish.png	เหมือนข้อ 28 แต่เป็นขาลง	อย่าฝืนเทรดสวน	https://www.investopedia.com/
30	Mat Hold	Bullish	5	ต่อเนื่อง	images/patterns/mat-hold.png	แพทเทิร์นต่อเนื่องในเทรนด์ขึ้น พักแล้วไปต่อ	มักใช้กับหุ้นที่ขึ้นแรง	https://www.investopedia.com/
31	Counterattack Bullish	Bullish	2	กลับตัว 2 แท่ง	images/patterns/counterattack-bullish.png	ราคาเปิดกลับมาเท่าจุดปิดก่อนหน้า แรงซื้อสวน	ใช้ใกล้แนวรับจะดี	https://www.investopedia.com/
32	Counterattack Bearish	Bearish	2	กลับตัว 2 แท่ง	images/patterns/counterattack-bearish.png	ราคาเปิดกลับมาเท่าจุดปิดแต่เป็นฝั่งขาย	ใช้ใกล้แนวต้านจะดี	https://www.investopedia.com/
33	Tweezer Bottom	Bullish	2	กลับตัว 2 แท่ง	images/patterns/tweezer-bottom.png	สองแท่งติดทำ low ใกล้กัน แรงขายเริ่มหมด	ดูร่วมกับแนวรับ	https://www.investopedia.com/
34	Tweezer Top	Bearish	2	กลับตัว 2 แท่ง	images/patterns/tweezer-top.png	สองแท่งติดทำ high ใกล้กัน แรงซื้อเริ่มหมด	ดูร่วมกับแนวต้าน	https://www.investopedia.com/
35	Window Up	Bullish	1	ช่องว่าง	images/patterns/window-up.png	ราคากระโดดขึ้นเป็นหน้าต่าง	โอกาสกลายเป็นแนวรับใหม่	https://www.investopedia.com/
36	Window Down	Bearish	1	ช่องว่าง	images/patterns/window-down.png	ราคากระโดดลงเป็นหน้าต่าง	โอกาสกลายเป็นแนวต้านใหม่	https://www.investopedia.com/
37	Stick Sandwich	Bullish	3	กลับตัว 3 แท่ง	images/patterns/stick-sandwich.png	สองแท่งแดงประกบแท่งเขียวที่ปิดราคาเท่ากัน แรงซื้อต้านอยู่	เจอบริเวณแนวรับยิ่งดี	https://www.investopedia.com/
38	Deliberation	Bearish	3	ต่อเนื่อง 3 แท่ง	images/patterns/deliberation.png	สามแท่งขึ้นแล้วแท่งสุดท้ายอ่อน บอกใกล้พัก/กลับตัว	รอดูแท่งถัดไปยืนยัน	https://www.investopedia.com/
39	Three Inside Up	Bullish	3	กลับตัว 3 แท่ง	images/patterns/three-inside-up.png	แท่งที่สอง-สามยืนยันการกลับตัวขึ้นจาก Harami	ใช้หลังจากลงชัดเจน	https://www.investopedia.com/
40	Three Inside Down	Bearish	3	กลับตัว 3 แท่ง	images/patterns/three-inside-down.png	ต่อจาก Bearish Harami แล้วมีแท่งลงยืนยัน	ใช้หลังจากขึ้นชัดเจน	https://www.investopedia.com/
41	Three Outside Up	Bullish	3	กลับตัว 3 แท่ง	images/patterns/three-outside-up.png	Engulfing แล้วตามด้วยแท่งเขียวยืนยันแรงซื้อ	เหมาะใช้เปิดฝั่ง long	https://www.investopedia.com/
42	Three Outside Down	Bearish	3	กลับตัว 3 แท่ง	images/patterns/three-outside-down.png	Bearish Engulfing แล้วตามด้วยแท่งแดงยืนยันแรงขาย	เหมาะใช้ปิดทำกำไรหรือ short	https://www.investopedia.com/
43	Abandoned Baby Bullish	Bullish	3	กลับตัว 3 แท่ง	images/patterns/abandoned-baby-bullish.png	มี gap ทิ้งโดจิไว้ตรงกลาง แล้วดันกลับขึ้น	หาไม่บ่อย แต่ค่อนข้างแรง	https://www.investopedia.com/
44	Abandoned Baby Bearish	Bearish	3	กลับตัว 3 แท่ง	images/patterns/abandoned-baby-bearish.png	เวอร์ชันกลับหัว ใช้ดูกลับตัวลง	ต้องมีช่องว่างชัดเจน	https://www.investopedia.com/
45	Doji Star Bullish	Bullish	2	กลับตัว 2 แท่ง	images/patterns/doji-star-bullish.png	แท่งแรกลง แท่งสองเป็นโดจิแยกตัว มีโอกาสกลับขึ้น	ให้แท่งถัดไปปิดเขียวเหนือโดจิ	https://www.investopedia.com/
46	Doji Star Bearish	Bearish	2	กลับตัว 2 แท่ง	images/patterns/doji-star-bearish.png	แท่งแรกขึ้น แท่งสองโดจิแยกตัว มีโอกาสลง	ให้แท่งถัดไปปิดต่ำกว่าโดจิ	https://www.investopedia.com/
47	Advance Block	Bearish	3	ต่อเนื่อง 3 แท่ง	images/patterns/advance-block.png	ดูเหมือนขึ้นแต่แท่งถัดไปอ่อนลงเรื่อยๆ แรงซื้อหมด	สังเกตไส้บนยาวขึ้น	https://www.investopedia.com/
48	Thrusting Pattern	Bearish	2	กลับตัว 2 แท่ง	images/patterns/thrusting-pattern.png	แท่งแดงยาว ตามด้วยแท่งเขียวแต่ปิดต่ำกว่ากึ่งกลาง	จัดเป็นสัญญาณลงต่อ	https://www.investopedia.com/
49	Belt Hold Bullish	Bullish	1	กลับตัว 1 แท่ง	images/patterns/belt-hold-bullish.png	แท่งเขียวเปิดต่ำแล้วไต่ขึ้นทั้งแท่ง	ถ้าเกิดท้ายขาลงน่าสนใจมาก	https://www.investopedia.com/
50	Belt Hold Bearish	Bearish	1	กลับตัว 1 แท่ง	images/patterns/belt-hold-bearish.png	แท่งแดงเปิดสูงแล้วไหลลงทั้งแท่ง	ใช้ป้องกันการไล่ราคาตอนปลายเทรนด์	https://www.investopedia.com/
51	Ladder Bottom	Bullish	5	กลับตัว 5 แท่ง	images/patterns/ladder-bottom.png	รูปแบบกลับตัวจากลงเป็นขึ้นแบบหลายแท่ง	ใช้ยืนยันกับวอลุ่ม	https://www.investopedia.com/
52	Ladder Top	Bearish	5	กลับตัว 5 แท่ง	images/patterns/ladder-top.png	รูปแบบกลับตัวจากขึ้นเป็นลงแบบหลายแท่ง	ใช้ใกล้แนวต้าน	https://www.investopedia.com/
53	Rising Window	Bullish	1	ช่องว่าง	images/patterns/rising-window.png	ช่องว่างขึ้นในเทรนด์ขึ้น	จุด gap มักกลายเป็นแนวรับ	https://www.investopedia.com/
54	Falling Window	Bearish	1	ช่องว่าง	images/patterns/falling-window.png	ช่องว่างลงในเทรนด์ลง	จุด gap มักกลายเป็นแนวต้าน	https://www.investopedia.com/
55	Breakaway Bullish	Bullish	5	กลับตัว 5 แท่ง	images/patterns/breakaway-bullish.png	เป็นเซ็ตแท่งที่แสดงการตัดสินใจของตลาดกลับขึ้น	พิจารณาร่วมกับแนวโน้มใหญ่	https://www.investopedia.com/
56	Breakaway Bearish	Bearish	5	กลับตัว 5 แท่ง	images/patterns/breakaway-bearish.png	เป็นเซ็ตแท่งที่แสดงการตัดสินใจของตลาดกลับลง	พิจารณาร่วมกับแนวโน้มใหญ่	https://www.investopedia.com/
57	Concealing Baby Swallow	Bearish	4	ต่อเนื่อง	images/patterns/concealing-baby-swallow.png	ชุดเทียนที่กลืนโดจิระหว่างทางลง แรงขายยังคงอยู่	ใช้ยืนยันว่าลงต่อ	https://www.investopedia.com/
58	Upside Gap Two Crows	Bearish	3	ช่องว่าง	images/patterns/upside-gap-two-crows.png	เกิด gap ขึ้นแต่ตามด้วยแท่งแดง 2 แท่ง สัญญาณอ่อนแรง	มักพบในปลายขาขึ้น	https://www.investopedia.com/
59	Unique Three River Bottom	Bullish	3	กลับตัว 3 แท่ง	images/patterns/unique-three-river-bottom.png	รูปแบบกลับตัวจากลงเป็นขึ้นที่ไม่พบได้บ่อย	รอแท่งยืนยันเพิ่ม	https://www.investopedia.com/
60	High Wave Candle	Neutral	1	อื่นๆ	images/patterns/high-wave-candle.png	ไส้ยาวมากทั้งบนและล่าง ตลาดเหวี่ยงสูง	ให้ลดขนาดไม้หรือรอชัดก่อนเทรด	https://www.investopedia.com/
61	การดูแนวรับแนวต้าน	Neutral	1	เทคนิค	images/techniques/การดูแนวรับแนวต้าน.png	วิธีหาจุดแนวรับแนวต้านจากกราฟราคา	ใช้เส้นแนวนอนเชื่อมจุดกลับตัวเดิม หรือ high/low สำคัญ	https://www.investopedia.com/terms/s/support.asp
62	การใช้เส้นแนวโน้ม (Trend Line)	Neutral	1	เทคนิค	images/techniques/การใช้เส้นแนวโน้ม-trend-line.png	ลากเส้นผ่านจุดสูงต่ำต่อเนื่องเพื่อดูทิศทางตลาด	ใช้ดูการกลับตัวเมื่อราคาทะลุ trendline	https://www.investopedia.com/terms/t/trendline.asp
63	การดูวอลุ่ม (Volume Analysis)	Neutral	1	เทคนิค	images/techniques/การดูวอลุ่ม-volume-analysis.png	วอลุ่มแสดงแรงซื้อขายและยืนยันแนวโน้ม	ถ้าราคาเพิ่มแต่วอลุ่มลด แสดงถึงความอ่อนแรง	https://www.investopedia.com/terms/v/volume.asp
64	การดูแท่งเทียนคู่กับ EMA	Neutral	1	เทคนิค	images/techniques/การดูแท่งเทียนคู่กับ-ema.png	ใช้เส้น EMA 20/50 ประกอบเพื่อดูแนวโน้ม	เข้าเมื่อราคาอยู่เหนือเส้น EMA และแท่งเทียนกลับตัวขึ้น	https://www.investopedia.com/terms/e/ema.asp
65	การดู MACD Crossover	Neutral	1	เทคนิค	images/techniques/การดู-macd-crossover.png	เมื่อเส้น MACD ตัด Signal Line ขึ้น เป็นสัญญาณซื้อ	ใช้ยืนยันกับแท่งเทียนและแนวรับ	https://www.investopedia.com/terms/m/macd.asp
66	การดู RSI Divergence	Neutral	1	เทคนิค	images/techniques/การดู-rsi-divergence.png	RSI สวนทางกับราคา เป็นสัญญาณกลับตัว	ใช้ร่วมกับแนวรับแนวต้านเพื่อยืนยัน	https://www.investopedia.com/terms/r/rsi.asp
67	การใช้ Fibonacci Retracement	Neutral	1	เทคนิค	images/techniques/การใช้-fibonacci-retracement.png	ใช้วัดจุดพักตัวและแนวรับแนวต้านจากตัวเลขฟิโบนัชชี	ระดับยอดนิยมคือ 38.2%, 50%, 61.8%	https://www.investopedia.com/terms/f/fibonacciretracement.asp
68	การดู Breakout	Neutral	1	เทคนิค	images/techniques/การดู-breakout.png	เมื่อราคาทะลุแนวต้านหรือแนวรับด้วยวอลุ่มสูง	อาจเป็นสัญญาณเริ่มเทรนด์ใหม่	https://www.investopedia.com/terms/b/breakout.asp
69	การใช้ Moving Average Cross	Neutral	1	เทคนิค	images/techniques/การใช้-moving-average-cross.png	เส้นค่าเฉลี่ยระยะสั้นตัดระยะยาวขึ้นเป็นสัญญาณซื้อ	นิยมใช้ MA50 กับ MA200 (Golden Cross)	https://www.investopedia.com/terms/g/goldencross.asp
70	การดูแท่งเทียนคู่กับ Bollinger Band	Neutral	1	เทคนิค	images/techniques/การดูแท่งเทียนคู่กับ-bollinger-band.png	เมื่อราคาออกนอก band แล้วกลับเข้ามา มักเกิดการกลับตัว	ใช้ร่วมกับ RSI จะเห็นจุดเข้าออกชัดขึ้น	https://www.investopedia.com/terms/b/bollingerbands.asp
71	การดู Ichimoku Cloud	Neutral	1	เทคนิค	images/techniques/การดู-ichimoku-cloud.png	ใช้ Cloud แสดงแนวโน้มและแนวรับต้านหลายชั้น	เข้าเมื่อราคาอยู่เหนือ Cloud และเส้นตัดกันเป็นขาขึ้น	https://www.investopedia.com/terms/i/ichimoku.asp
72	การใช้ ADX วัดแรงแนวโน้มหรือไซด์เวย์	Neutral	1	เทคนิค	images/techniques/การใช้-adx-วัดแรงแนวโน้มหรือไซด์เวย์.png	ADX สูง = เทรนด์แรง, ADX ต่ำ = ไซด์เวย์	ใช้ร่วมกับ +DI/-DI เพื่อเข้าออก	https://www.investopedia.com/terms/a/adx.asp
73	การใช้ ATR ตั้ง Stop-Loss	Neutral	1	เทคนิค	images/techniques/การใช้-atr-ตั้ง-stop-loss.png	ATR ช่วยวัดความผันผวนเพื่อวาง Stop-Loss ได้เหมาะสม	ตั้ง SL ที่ 1-2 เท่าของ ATR จากจุดเข้า	https://www.investopedia.com/terms/a/average-true-range.asp
74	การตั้งจุดเข้าออกแบบ Risk/Reward	Neutral	1	เทคนิค	images/techniques/การตั้งจุดเข้าออกแบบ-risk-reward.png	กำหนดอัตราส่วนกำไรต่อความเสี่ยงก่อนเทรด	เลือกจุดเข้าที่ได้ R/R อย่างน้อย 1:2	https://www.investopedia.com/terms/r/risk-rewardratio.asp
75	การเทรดตามเทรนด์ใหญ่ (Trend-Following)	Neutral	1	เทคนิค	images/techniques/การเทรดตามเทรนด์ใหญ่-trend-following.png	เลือกเทรดไปกับทิศเดียวกับแนวโน้มหลัก	ใช้ MA, ADX, หรือโครงสร้างกราฟยืนยัน	https://www.investopedia.com/terms/t/trendfollowing.asp
76	การเข้าแบบ Pullback/Retest	Neutral	1	เทคนิค	images/techniques/การเข้าแบบ-pullback-retest.png	รอให้ราคาย่อกลับมาทดสอบแนวรับที่พังขึ้นไปแล้ว	ดูแท่งเทียนกลับตัวหรือวอลุ่มเพิ่มยืนยัน	https://www.investopedia.com/terms/p/pullback.asp
77	การใช้ Trend Channel	Neutral	1	เทคนิค	images/techniques/การใช้-trend-channel.png	ลากเส้นคู่ขนานไปกับเทรนด์เพื่อดูจุดเด้งขึ้นลง	เข้าเมื่อราคาเด้งจากเส้นล่างของช่อง	https://www.investopedia.com/terms/c/channel.asp
78	การดู Divergence แบบ Hidden & Regular	Neutral	1	เทคนิค	images/techniques/การดู-divergence-แบบ-hidden-&-regular.png	Divergence บอกถึงการอ่อนแรงหรือซ่อนแรงของเทรนด์	ใช้ Regular เพื่อจับกลับตัว ใช้ Hidden เพื่อเล่นตามเทรนด์	https://www.investopedia.com/terms/d/divergence.asp
79	การดู Volume Profile หาจุดหนาแน่น	Neutral	1	เทคนิค	images/techniques/การดู-volume-profile-หาจุดหนาแน่น.png	Volume Profile ชี้จุดที่มีการซื้อขายเยอะ (POC)	ใช้ POC เป็นแนวรับแนวต้านสำคัญ	https://www.investopedia.com/terms/v/volume-profile.asp
80	การใช้ Order Flow ดูแรงจริง	Neutral	1	เทคนิค	images/techniques/การใช้-order-flow-ดูแรงจริง.png	Order Flow แสดงคำสั่งซื้อขายจริงในตลาด	ใช้จับ Stop Hunt หรือการดันราคาของรายใหญ่	https://www.investopedia.com/terms/o/order-flow.asp
81	การเข้า Breakout จากฐาน (Base)	Neutral	1	เทคนิค	images/techniques/การเข้า-breakout-จากฐาน-base.png	ราคาสะสมตัวแล้วทะลุขึ้นพร้อมวอลุ่มเป็นจุดเข้า	ดูรูปแบบฐาน เช่น Cup & Handle, Flat Base	https://www.investopedia.com/terms/b/breakout.asp
82	การใช้ Heikin-Ashi กรองสัญญาณ	Neutral	1	เทคนิค	images/techniques/การใช้-heikin-ashi-กรองสัญญาณ.png	Heikin-Ashi ลดสัญญาณหลอกของแท่งเทียนปกติ	อยู่ในเทรนด์เมื่อแท่งสีเดียวต่อเนื่อง	https://www.investopedia.com/trading/heikin-ashi-better-candlestick.asp
83	การใช้ Ichimoku ร่วมกับ Chikou Span	Neutral	1	เทคนิค	images/techniques/การใช้-ichimoku-ร่วมกับ-chikou-span.png	ดูราคา เทนคัน คิจุน คลาวด์ และชิโคสแปนประกอบ	เข้าเมื่อราคาและ Chikou อยู่เหนือคลาวด์	https://www.investopedia.com/terms/i/ichimoku.asp
84	การดู Order Block และ Smart Money	Neutral	1	เทคนิค	images/techniques/การดู-order-block-และ-smart-money.png	จุดที่รายใหญ่เคยวางออเดอร์หนาแน่นคือจุดกลับตัวได้	เข้าเมื่อราคากลับมาทดสอบบล็อก	https://www.investopedia.com/
85	การตั้ง Trailing Stop ตาม Price Action	Neutral	1	เทคนิค	images/techniques/การตั้ง-trailing-stop-ตาม-price-action.png	เลื่อน Stop-Loss ตามจุด Low/High ก่อนหน้า	ช่วยเก็บกำไรเมื่อราคาวิ่งต่อ	https://www.investopedia.com/terms/t/trailingstop.asp
86	การใช้ Risk Management แบบ Fixed % ต่อเทรด	Neutral	1	เทคนิค	images/techniques/การใช้-risk-management-แบบ-fixed-%-ต่อเทรด.png	เสี่ยงไม่เกิน 1-2% ของพอร์ตต่อหนึ่งออเดอร์	ทำให้พอร์ตไม่เสียหายเร็ว	https://www.investopedia.com/terms/r/risk-management.asp
87	การวิเคราะห์ Market Structure	Neutral	1	เทคนิค	images/techniques/การวิเคราะห์-market-structure.png	อ่าน HH, HL, LH, LL เพื่อดูการเปลี่ยนเทรนด์	เข้าเมื่อเกิด Break of Structure	https://www.investopedia.com/terms/m/market-structure.asp
88	การใช้ Multiple Timeframe Analysis	Neutral	1	เทคนิค	images/techniques/การใช้-multiple-timeframe-analysis.png	ดูหลายกรอบเวลาเพื่อเห็นทั้งภาพใหญ่และจุดเข้า	ให้ทุกกรอบเวลาไปทางเดียวกันก่อนเข้า	https://www.investopedia.com/terms/m/multiple-time-frame-analysis.asp
89	การใช้ Sentiment Indicator	Neutral	1	เทคนิค	images/techniques/การใช้-sentiment-indicator.png	ดูความกลัว-โลภของตลาดจากดัชนี sentiment	ใช้ประกอบกับกราฟ ไม่ใช้เดี่ยวๆ	https://www.investopedia.com/terms/s/sentimentindicator.asp
90	การดู Liquidity Pool และ Stop Hunt	Neutral	1	เทคนิค	images/techniques/การดู-liquidity-pool-และ-stop-hunt.png	ตลาดมักดันราคาไปเก็บสภาพคล่องก่อนวิ่งจริง	หลบโซนที่มีสภาพคล่องหนาแน่นก่อนเข้า	https://www.investopedia.com/terms/l/liquidity-pool.asp
91	การดูข่าวกับ Price Reaction	Neutral	1	เทคนิค	images/techniques/การดูข่าวกับ-price-reaction.png	ข่าวแรงแล้วราคาวิ่งไปต่อ แสดงตลาดยอมรับข่าว	ใช้ปริมาณและแท่งเทียนยืนยัน	https://www.investopedia.com/terms/n/newsflow.asp
92	การวางแผนเทรดด้วย Volatility Expansion	Neutral	1	เทคนิค	images/techniques/การวางแผนเทรดด้วย-volatility-expansion.png	ความผันผวนขยายหลังจากแคบอยู่นาน เป็นจุดเทรด	ดู Bollinger squeeze ก่อน breakout	https://www.investopedia.com/terms/v/volatility.asp
93	การดู Correlation ระหว่างสินทรัพย์	Neutral	1	เทคนิค	images/techniques/การดู-correlation-ระหว่างสินทรัพย์.png	ดูความสัมพันธ์ของสินทรัพย์ก่อนเทรดคู่กัน	หลีกเลี่ยงเปิดโพสิชันซ้ำทางเดียวกันหลายตัว	https://www.investopedia.com/terms/c/correlation.asp
94	การใช้ Calendar Effect / Seasonality	Neutral	1	เทคนิค	images/techniques/การใช้-calendar-effect---seasonality.png	บางช่วงเวลาตลาดจะเคลื่อนที่มากกว่าปกติ	ใช้เป็นตัวกรองว่าจะเทรดวัน/สัปดาห์ไหนดี	https://www.investopedia.com/terms/s/seasonality.asp
95	การใช้ Volume Imbalance หาแรงจริง	Neutral	1	เทคนิค	images/techniques/การใช้-volume-imbalance-หาแรงจริง.png	ดูฝั่งซื้อ/ขายที่มากผิดปกติในแต่ละระดับราคา	ใช้ดูจุดเด้งหรือจุดเบรก	https://www.investopedia.com/
96	การตั้ง Target & Stop ตาม Structure	Neutral	1	เทคนิค	images/techniques/การตั้ง-target-&-stop-ตาม-structure.png	วาง TP ที่ swing high/low และ SL ใต้ฐาน	ทำให้ R/R ชัดเจน	https://www.investopedia.com/
97	การดู Flow of Funds / ETF In-Out	Neutral	1	เทคนิค	images/techniques/การดู-flow-of-funds---etf-in-out.png	เงินไหลเข้าหรือออก sector ใดเพิ่มโอกาสเทรดฝั่งนั้น	ใช้คู่กับกราฟหุ้นตัวที่เลือก	https://www.investopedia.com/terms/f/flow-of-funds.asp
98	การใช้ Profile ดู Value Area	Neutral	1	เทคนิค	images/techniques/การใช้-profile-ดู-value-area.png	Value Area บอกโซนที่ตลาดยอมรับราคา	เข้าใกล้ VAH/VAL + สัญญาณกลับตัว	https://www.investopedia.com/
99	การเทรดตามระบบอัตโนมัติ (Algo Idea)	Neutral	1	เทคนิค	images/techniques/การเทรดตามระบบอัตโนมัติ-algo-idea.png	สร้างกฎจากอินดิเคเตอร์แล้วให้ระบบยิงคำสั่ง	ลดอารมณ์ระหว่างเทรด	https://www.investopedia.com/terms/a/algorithmic-trading.asp
100	การวิเคราะห์ภาพรวมก่อนเทรด	Neutral	1	เทคนิค	images/techniques/การวิเคราะห์ภาพรวมก่อนเทรด.png	ดูเทรนด์ใหญ่ อินดิเคเตอร์ ข่าว แล้วค่อยเลือกจุดเข้า	ช่วยกรองเทรดไม่ดีออก	https://www.investopedia.com/












